SPECIE;CV;DATA;GG
ACTINIDIA;Ananasnaya;20;10-ott
ACTINIDIA;Boerica;0;31-ott
ACTINIDIA;Dorì;-15;11-set
ACTINIDIA;Enza Red;-10;16-set
ACTINIDIA;Green Angel;-5;26-ott
ACTINIDIA;Green Light;-35;26-set
ACTINIDIA;Hayward;0;31-ott
ACTINIDIA;Hayward Chico;-4;27-ott
ACTINIDIA;Hayward clone 8;-5;26-ott
ACTINIDIA;HFR18;12;08-ott
ACTINIDIA;Issai;20;10-ott
ACTINIDIA;Jingold;24;20-ott
ACTINIDIA;Jingold;30;26-ott
ACTINIDIA;Jumbo;15;05-ott
ACTINIDIA;Matua;-30;01-ott
ACTINIDIA;Meris;-7;24-ott
ACTINIDIA;Missionario Chiandetti;0;20-set
ACTINIDIA;Soreli;4;30-set
ACTINIDIA;Summerkiwi;-60;01-set
ACTINIDIA;Tsechelidis;-5;26-ott
ACTINIDIA;Tuscia;5;05-nov
ACTINIDIA;Weiki;20;10-ott
ACTINIDIA;Z5Z6;0;31-ott
ACTINIDIA;Zespri Gold;30;26-ott
ACTINIDIA;Zespri SunGold;0;26-set
ALBICOCCO;Agostino;38;04-ago
ALBICOCCO;Albinova;23;20-lug
ALBICOCCO;Alissa;11;08-lug
ALBICOCCO;Alize;-50;08-mag
ALBICOCCO;Anegat;13;10-lug
ALBICOCCO;Antonio Errani;-12;15-giu
ALBICOCCO;Ariel;-8;19-giu
ALBICOCCO;Aristo;20;17-lug
ALBICOCCO;Aurora;-42;16-mag
ALBICOCCO;Avirine;7;04-lug
ALBICOCCO;Azuma;5;02-lug
ALBICOCCO;Banzai;-30;28-mag
ALBICOCCO;Bella d'Imola;-6;21-giu
ALBICOCCO;Bergecot;38;04-ago
ALBICOCCO;Bergeron;15;12-lug
ALBICOCCO;Bergeval;-22;05-giu
ALBICOCCO;Big Red;-10;17-giu
ALBICOCCO;Boccuccia Liscia;15;12-lug
ALBICOCCO;Boccuccia Spinosa;16;13-lug
ALBICOCCO;Bolero;13;10-lug
ALBICOCCO;Bora;-17;10-giu
ALBICOCCO;Boreale;-5;22-giu
ALBICOCCO;Boucheran;38;04-ago
ALBICOCCO;Cafona;0;27-giu
ALBICOCCO;Calima;51;17-ago
ALBICOCCO;Candide;-5;22-giu
ALBICOCCO;Carmen Top;-20;07-giu
ALBICOCCO;Cebas 57;-35;23-mag
ALBICOCCO;Ceccona;-5;22-giu
ALBICOCCO;Cesar;-1;26-giu
ALBICOCCO;Cheyenne;-17;10-giu
ALBICOCCO;Cirano;-17;10-giu
ALBICOCCO;Cocot;-12;15-giu
ALBICOCCO;Colorado;-51;07-mag
ALBICOCCO;Compacta;28;25-lug
ALBICOCCO;Congat;33;30-lug
ALBICOCCO;Cora;-10;17-giu
ALBICOCCO;Delice Cot;-12;15-giu
ALBICOCCO;Diablo;43;09-ago
ALBICOCCO;Digat;7;04-lug
ALBICOCCO;Dulcinea;12;09-lug
ALBICOCCO;Early Kioto;-4;23-giu
ALBICOCCO;Fantasme;10;07-lug
ALBICOCCO;Faralia;12;09-lug
ALBICOCCO;Farbaly;28;25-lug
ALBICOCCO;Farbela;35;01-ago
ALBICOCCO;Farclo;55;21-ago
ALBICOCCO;Fardao;55;21-ago
ALBICOCCO;Farely;30;27-lug
ALBICOCCO;Farfia;50;16-ago
ALBICOCCO;Farhial;57;23-ago
ALBICOCCO;Farius;45;11-ago
ALBICOCCO;Farlis;57;23-ago
ALBICOCCO;Fartoli;35;01-ago
ALBICOCCO;Feria Cot;-37;21-mag
ALBICOCCO;Fiesta Cot;-21;06-giu
ALBICOCCO;Flash Cot;-20;07-giu
ALBICOCCO;Flavor Cot;2;29-giu
ALBICOCCO;Flodea;-47;11-mag
ALBICOCCO;Floneca;-32;26-mag
ALBICOCCO;Flopria;-25;02-giu
ALBICOCCO;Fracasso;6;03-lug
ALBICOCCO;Frisson;16;13-lug
ALBICOCCO;Fuego;-20;07-giu
ALBICOCCO;Garden;13;10-lug
ALBICOCCO;Gemma;-15;12-giu
ALBICOCCO;Giada;-12;15-giu
ALBICOCCO;Gilgat;-32;26-mag
ALBICOCCO;Giulia;-3;24-giu
ALBICOCCO;Goldbar;1;28-giu
ALBICOCCO;Goldrich;-8;19-giu
ALBICOCCO;Goldstrike;1;28-giu
ALBICOCCO;Harcot;-6;21-giu
ALBICOCCO;Hargrand;15;12-lug
ALBICOCCO;Harogem;-2;25-giu
ALBICOCCO;Harval;18;15-lug
ALBICOCCO;Helena du Roussillon;10;07-lug
ALBICOCCO;Holly Cot;-27;31-mag
ALBICOCCO;Ilona;-22;05-giu
ALBICOCCO;Ivonne Liverani;-4;23-giu
ALBICOCCO;Iziagat;-17;10-giu
ALBICOCCO;Jengat;-2;25-giu
ALBICOCCO;Kioto;1;28-giu
ALBICOCCO;Koolgat;-17;10-giu
ALBICOCCO;Kosmos;-43;15-mag
ALBICOCCO;Kuresia;28;25-lug
ALBICOCCO;Lady Cot;-1;26-giu
ALBICOCCO;LAR 2124-229;67;02-set
ALBICOCCO;LAR 2127-92;65;31-ago
ALBICOCCO;LAR 2139-72;72;07-set
ALBICOCCO;LAR 2164-11;53;19-ago
ALBICOCCO;Latica;-33;25-mag
ALBICOCCO;Laura;-1;26-giu
ALBICOCCO;Lido;-15;12-giu
ALBICOCCO;Lilly Cot;-18;09-giu
ALBICOCCO;Luna;-33;25-mag
ALBICOCCO;Madison;-52;06-mag
ALBICOCCO;Magic Cot;-29;29-mag
ALBICOCCO;Maharani;-6;21-giu
ALBICOCCO;Mambo;-45;13-mag
ALBICOCCO;Manga;-2;25-giu
ALBICOCCO;Margotina;-42;16-mag
ALBICOCCO;Marietta;13;10-lug
ALBICOCCO;Mayacot;-46;12-mag
ALBICOCCO;Medaga;-1;26-giu
ALBICOCCO;Medalis;-20;07-giu
ALBICOCCO;Medflo;-28;30-mag
ALBICOCCO;Mediabel;-4;23-giu
ALBICOCCO;Mediva;-6;21-giu
ALBICOCCO;Medoly;2;29-giu
ALBICOCCO;Megatea;-39;19-mag
ALBICOCCO;Mikado;-58;30-apr
ALBICOCCO;Milord;13;10-lug
ALBICOCCO;Mirlo Anaranjado;-25;02-giu
ALBICOCCO;Mistral;32;29-lug
ALBICOCCO;Mogador;-62;26-apr
ALBICOCCO;Monaco Bello;-8;19-giu
ALBICOCCO;Monster Cot;-17;10-giu
ALBICOCCO;Nelson;33;30-lug
ALBICOCCO;Nikko;-10;17-giu
ALBICOCCO;Ninfa;-26;01-giu
ALBICOCCO;Ninja;-12;15-giu
ALBICOCCO;Nirosa 1;-25;02-giu
ALBICOCCO;Nirosa 2;-23;04-giu
ALBICOCCO;Noemi;10;07-lug
ALBICOCCO;Orange Prima;-13;14-giu
ALBICOCCO;Orange Rubis;-14;13-giu
ALBICOCCO;Orange Summer;40;06-ago
ALBICOCCO;Orangered;-10;17-giu
ALBICOCCO;Palummella;13;10-lug
ALBICOCCO;Pellecchiella;22;19-lug
ALBICOCCO;Perla;-13;14-giu
ALBICOCCO;Perle Cot;-6;21-giu
ALBICOCCO;Petra;11;08-lug
ALBICOCCO;Piera;20;17-lug
ALBICOCCO;Pieve;6;03-lug
ALBICOCCO;Pinkcot;-16;11-giu
ALBICOCCO;Pisana;12;09-lug
ALBICOCCO;Playa Cot;8;05-lug
ALBICOCCO;Polanais;9;06-lug
ALBICOCCO;Portici;8;05-lug
ALBICOCCO;Priabel;-30;28-mag
ALBICOCCO;Pricia;-37;21-mag
ALBICOCCO;Primando;-35;23-mag
ALBICOCCO;Primarel;-22;05-giu
ALBICOCCO;Primarina;-34;24-mag
ALBICOCCO;Primaris;-34;24-mag
ALBICOCCO;Primassi;-32;26-mag
ALBICOCCO;Primaya;-14;13-giu
ALBICOCCO;Primidi;-30;28-mag
ALBICOCCO;Primius;-24;03-giu
ALBICOCCO;Raciville;-27;31-mag
ALBICOCCO;Rambo;-50;08-mag
ALBICOCCO;Ravilong;-22;05-giu
ALBICOCCO;Ravival;-17;10-giu
ALBICOCCO;Reale d'Imola;8;05-lug
ALBICOCCO;Robada;-8;19-giu
ALBICOCCO;Rouge du Roussillon;-12;15-giu
ALBICOCCO;Rougecot;-17;10-giu
ALBICOCCO;Rougemont;-1;26-giu
ALBICOCCO;Rougemont;5;02-lug
ALBICOCCO;Royal Roussilion;11;08-lug
ALBICOCCO;Rubely;12;09-lug
ALBICOCCO;Rubilis;2;29-giu
ALBICOCCO;Rubissia;7;04-lug
ALBICOCCO;Rubista;-24;03-giu
ALBICOCCO;S265-13;-16;11-giu
ALBICOCCO;Sabbatani;-12;15-giu
ALBICOCCO;Samourai;-20;07-giu
ALBICOCCO;San Castrese;0;27-giu
ALBICOCCO;Sandicot;3;30-giu
ALBICOCCO;Sayeb;-22;05-giu
ALBICOCCO;Sefora;-22;05-giu
ALBICOCCO;Select 98;13;10-lug
ALBICOCCO;SF 09078;-17;10-giu
ALBICOCCO;Sherpa;30;27-lug
ALBICOCCO;Sirocco;23;20-lug
ALBICOCCO;Smart Cot;-33;25-mag
ALBICOCCO;Solaria;-12;15-giu
ALBICOCCO;Soledane;-18;09-giu
ALBICOCCO;Spring Blush;-17;10-giu
ALBICOCCO;Stella;6;03-lug
ALBICOCCO;Sunny Cot;-16;11-giu
ALBICOCCO;Sushi;-54;04-mag
ALBICOCCO;Sweet Cot;-7;20-giu
ALBICOCCO;Sweet Red;-28;30-mag
ALBICOCCO;Swigold;12;09-lug
ALBICOCCO;Swired;6;03-lug
ALBICOCCO;Sylred;-20;07-giu
ALBICOCCO;Sylvercot;-16;11-giu
ALBICOCCO;Tardif de bordaneil;24;21-lug
ALBICOCCO;Tardif de tain;16;13-lug
ALBICOCCO;Tardirouge;13;10-lug
ALBICOCCO;Tom Cot;-6;21-giu
ALBICOCCO;Tonda di Costiglione;7;04-lug
ALBICOCCO;Tornado;-20;07-giu
ALBICOCCO;Torraviun;-27;31-mag
ALBICOCCO;Totem;-45;13-mag
ALBICOCCO;Tsunami;-38;20-mag
ALBICOCCO;Tyrinthos;-24;03-giu
ALBICOCCO;Valette;-37;21-mag
ALBICOCCO;Valorage;-10;17-giu
ALBICOCCO;Vertige;-2;25-giu
ALBICOCCO;Vinschger Marille;-12;15-giu
ALBICOCCO;Vitillo;-2;25-giu
ALBICOCCO;Wonder Cot;-37;21-mag
ALBICOCCO;Zebra;10;07-lug
ALBICOCCO;Zonda;13;10-lug
CILIEGIO;Adriana;11;31-mag
CILIEGIO;Aida;18;07-giu
CILIEGIO;Alex;34;23-giu
CILIEGIO;Amarena di Pesaro;-2;05-lug
CILIEGIO;Amarena di S. Colombano;-6;01-lug
CILIEGIO;Amarena Visciola Magli;-5;02-lug
CILIEGIO;Areko;40;29-giu
CILIEGIO;Badacsony;23;12-giu
CILIEGIO;Belge;27;16-giu
CILIEGIO;Bellise;12;01-giu
CILIEGIO;Big Lory;14;03-giu
CILIEGIO;Big Star;24;13-giu
CILIEGIO;Black Star;17;06-giu
CILIEGIO;Blaze Star;20;09-giu
CILIEGIO;Brooks;11;31-mag
CILIEGIO;Burlat;0;20-mag
CILIEGIO;Burlat C1;9;29-mag
CILIEGIO;Cambrina;25;14-giu
CILIEGIO;Canada Giant;17;06-giu
CILIEGIO;Carmen;10;30-mag
CILIEGIO;Cashmere;12;01-giu
CILIEGIO;Celeste;11;31-mag
CILIEGIO;Chelan;10;30-mag
CILIEGIO;Chieti sel.80;2;09-lug
CILIEGIO;Christiana;17;06-giu
CILIEGIO;Cigany Meggy 3;-10;27-giu
CILIEGIO;Cigany Meggy 59;-12;25-giu
CILIEGIO;Cigany Meggy 7;-7;30-giu
CILIEGIO;Corniola;41;30-giu
CILIEGIO;Crevalcore;4;11-lug
CILIEGIO;Crisana 11/2;-4;03-lug
CILIEGIO;Crisana 11/6;-5;02-lug
CILIEGIO;Crisana 14/10;-9;28-giu
CILIEGIO;Crisana 2/2;-6;01-lug
CILIEGIO;Cristalina;15;04-giu
CILIEGIO;Del Monte;11;31-mag
CILIEGIO;Della Recca;11;31-mag
CILIEGIO;Durone compatto di Vignola;28;17-giu
CILIEGIO;Durone dell'anella;12;01-giu
CILIEGIO;Durone Nero I;15;04-giu
CILIEGIO;Durone Nero II;27;16-giu
CILIEGIO;Durone Nero III;42;01-lug
CILIEGIO;Durone Tardivo di Valstaffora;36;25-giu
CILIEGIO;Early Bigi;-4;16-mag
CILIEGIO;Early Garnet;6;26-mag
CILIEGIO;Early Korvik;19;08-giu
CILIEGIO;Early Lory;-2;18-mag
CILIEGIO;Early Magyar;-6;14-mag
CILIEGIO;Early Star;5;25-mag
CILIEGIO;Early Van Compact;14;03-giu
CILIEGIO;Egri Furtos;-1;06-lug
CILIEGIO;Enrica;16;05-giu
CILIEGIO;Erdi Botermo;-17;20-giu
CILIEGIO;Erdi Nagygyulmolcsu;-27;10-giu
CILIEGIO;Favorit;-20;17-giu
CILIEGIO;Ferdiva;33;22-giu
CILIEGIO;Ferdouce;12;01-giu
CILIEGIO;Fermina;20;09-giu
CILIEGIO;Fernier;22;11-giu
CILIEGIO;Ferrovia;24;13-giu
CILIEGIO;Ferrovia spur;30;19-giu
CILIEGIO;Fertard;40;29-giu
CILIEGIO;Fertille;40;29-giu
CILIEGIO;Feu 5;10;30-mag
CILIEGIO;Firm Red;13;02-giu
CILIEGIO;Folfer;10;30-mag
CILIEGIO;Frisco;14;03-giu
CILIEGIO;Garnet;11;31-mag
CILIEGIO;Gege;20;09-giu
CILIEGIO;Germersdorfer;22;11-giu
CILIEGIO;Germersdorfi Orias 3;22;11-giu
CILIEGIO;Giant Red;10;30-mag
CILIEGIO;Giorgia;11;31-mag
CILIEGIO;Giulietta;18;07-giu
CILIEGIO;Grace Star;12;01-giu
CILIEGIO;Griotte de Montmopency;35;24-giu
CILIEGIO;Hartai Meggy;-3;04-lug
CILIEGIO;Hedelfinger;26;15-giu
CILIEGIO;Henriette;32;21-giu
CILIEGIO;Hertford;30;19-giu
CILIEGIO;Index;20;09-giu
CILIEGIO;Isabella;7;27-mag
CILIEGIO;Justyna;20;09-giu
CILIEGIO;Karina;15;04-giu
CILIEGIO;Kasandra;2;22-mag
CILIEGIO;Katalin;30;19-giu
CILIEGIO;Kaviks;25;14-giu
CILIEGIO;Kelleris;35;24-giu
CILIEGIO;Kordia;23;12-giu
CILIEGIO;Kossara;-10;10-mag
CILIEGIO;Lala Star;22;11-giu
CILIEGIO;Lambert;26;15-giu
CILIEGIO;Lapins;24;13-giu
CILIEGIO;Late Lory;38;27-giu
CILIEGIO;Linda;20;09-giu
CILIEGIO;Lory Bloom;7;27-mag
CILIEGIO;Lory Strong;14;03-giu
CILIEGIO;Lucrezia;23;12-giu
CILIEGIO;Malizia;12;01-giu
CILIEGIO;Malizia Falsa;7;27-mag
CILIEGIO;Marasca di Verona;-1;06-lug
CILIEGIO;Marascone;-4;03-lug
CILIEGIO;Marascone di Verona;-10;27-giu
CILIEGIO;Marascone Secondo;-2;05-lug
CILIEGIO;Marenone di S.Colombano;-2;05-lug
CILIEGIO;Margit;13;02-giu
CILIEGIO;Mari Timpuri;-12;25-giu
CILIEGIO;Mari Timpuri clone 11;-6;01-lug
CILIEGIO;Marysa;10;30-mag
CILIEGIO;Medit Lisa;18;07-giu
CILIEGIO;Merchant;-1;19-mag
CILIEGIO;Meteor;8;15-lug
CILIEGIO;Montmorency;0;07-lug
CILIEGIO;Mora della punta;18;07-giu
CILIEGIO;Mora di Cazzano;19;08-giu
CILIEGIO;Moreau;0;20-mag
CILIEGIO;Namare;23;12-giu
CILIEGIO;Napoleon;23;12-giu
CILIEGIO;Napoli clone 3;-2;05-lug
CILIEGIO;Narana;-10;10-mag
CILIEGIO;New Moon;15;04-giu
CILIEGIO;New Star;15;04-giu
CILIEGIO;Nimba;-5;15-mag
CILIEGIO;Noire de Meched;25;14-giu
CILIEGIO;Pandy 114;2;09-lug
CILIEGIO;Paulus;20;09-giu
CILIEGIO;Penny;2;22-mag
CILIEGIO;Poisdel;3;23-mag
CILIEGIO;Primulat;-6;14-mag
CILIEGIO;Rainier;17;06-giu
CILIEGIO;Red Pacific;5;25-mag
CILIEGIO;Redstone;5;25-mag
CILIEGIO;Regina;32;21-giu
CILIEGIO;Reverchon;17;06-giu
CILIEGIO;Rita;-8;12-mag
CILIEGIO;Rocket;5;25-mag
CILIEGIO;Rosie Rainier;10;30-mag
CILIEGIO;Royal Bailey;5;25-mag
CILIEGIO;Royal Edie;25;14-giu
CILIEGIO;Royal Hazel;5;25-mag
CILIEGIO;Royal Helen;25;14-giu
CILIEGIO;Royal Lynn;0;20-mag
CILIEGIO;Royal Tioga;-5;15-mag
CILIEGIO;Royalton;10;30-mag
CILIEGIO;Ruby;10;30-mag
CILIEGIO;Sabrina;7;27-mag
CILIEGIO;Samba;10;30-mag
CILIEGIO;Sandra Rose;20;09-giu
CILIEGIO;Santina;14;03-giu
CILIEGIO;Satin;18;07-giu
CILIEGIO;Schneiders Spate Knorpel;30;19-giu
CILIEGIO;Selah;26;15-giu
CILIEGIO;Simcoe;23;12-giu
CILIEGIO;Skeena;29;18-giu
CILIEGIO;SMS-280;-10;10-mag
CILIEGIO;Somerset;23;12-giu
CILIEGIO;Sonata;21;10-giu
CILIEGIO;SPC 342;22;11-giu
CILIEGIO;SPC106;24;13-giu
CILIEGIO;SPC136;21;10-giu
CILIEGIO;Starblush;19;08-giu
CILIEGIO;Stardust;24;13-giu
CILIEGIO;Starking Hardy Giant;14;03-giu
CILIEGIO;Starletta;27;16-giu
CILIEGIO;Sumbola;20;09-giu
CILIEGIO;Summer Charm;40;29-giu
CILIEGIO;Summit;20;09-giu
CILIEGIO;Sums313ch;16;05-giu
CILIEGIO;Sunburst;19;08-giu
CILIEGIO;Sweet Aryana;-3;17-mag
CILIEGIO;Sweet Dave;2;22-mag
CILIEGIO;Sweet Early;-3;17-mag
CILIEGIO;Sweet Gabriel;15;04-giu
CILIEGIO;Sweet Heart;34;23-giu
CILIEGIO;Sweet Lorenz;10;30-mag
CILIEGIO;Sweet Marysa;6;26-mag
CILIEGIO;Sweet Saretta;23;12-giu
CILIEGIO;Sweet Stephany;27;16-giu
CILIEGIO;Sweet Valina;19;08-giu
CILIEGIO;Sylvia;25;14-giu
CILIEGIO;Symphony;38;27-giu
CILIEGIO;Tamara;25;14-giu
CILIEGIO;Techlovan;26;15-giu
CILIEGIO;Tieton;12;01-giu
CILIEGIO;Van;17;06-giu
CILIEGIO;Vanda;15;04-giu
CILIEGIO;Vera;8;28-mag
CILIEGIO;Visciola;2;09-lug
CILIEGIO;Visciola del Ben 2;-1;06-lug
CILIEGIO;Visciola di Carpegna;2;09-lug
CILIEGIO;Visciola Nera di Vignola;-2;05-lug
KAKI;Aizumishirazu;0;30-set
KAKI;Atago;12;12-ott
KAKI;Chu-Nigiu Haci;-28;02-set
KAKI;Cioccolatino;-20;10-set
KAKI;Farmacista Honorati;15;15-ott
KAKI;Fuji;-3;27-set
KAKI;Fuyu;7;07-ott
KAKI;Hachiya;-3;27-set
KAKI;Hana Fuyo;-17;13-set
KAKI;Jiro;-3;27-set
KAKI;Kaki Tipo;0;30-set
KAKI;Maekawa Jiro;-3;27-set
KAKI;Mercatelli;10;10-ott
KAKI;O-Gosho;-3;27-set
KAKI;Ribera Sun;10;10-ott
KAKI;Rojo Brillante;12;12-ott
KAKI;Tone Wase;-7;23-set
KAKI;Triumph;25;25-ott
MELO;Ahrista;-15;26-ago
MELO;Akane;-40;01-ago
MELO;Alvina Gala;-30;11-ago
MELO;Ambrosia;5;15-set
MELO;Anise;-15;26-ago
MELO;Annaglo;-35;06-ago
MELO;Annurca;25;05-ott
MELO;Annurca Rossa del Sud;15;25-set
MELO;Apistar;0;10-set
MELO;Ariane;-5;05-set
MELO;Ariwa;7;17-set
MELO;Baujade;15;25-set
MELO;Belchard;20;30-set
MELO;Bielaar;-30;11-ago
MELO;Bonita;7;17-set
MELO;Braeburn;20;30-set
MELO;Braeburn;45;25-ott
MELO;Braeburn 78;20;30-set
MELO;Braeburn Rosabel;25;05-ott
MELO;Braesun;10;20-set
MELO;Brina;9;19-set
MELO;Brookfield Gala;-30;11-ago
MELO;Buckeye Gala;-25;16-ago
MELO;Cactus;5;15-set
MELO;Cameo;13;23-set
MELO;Catarina;20;30-set
MELO;Cavaal;-25;16-ago
MELO;Challenger;30;10-ott
MELO;Cherry gala;-36;05-ago
MELO;Choupette;3;13-set
MELO;CIVM49;-3;07-set
MELO;Civpeak;-15;26-ago
MELO;Civrd11;-5;05-set
MELO;Civt15;-25;16-ago
MELO;Collina;1;11-set
MELO;Cox la vera;-75;27-giu
MELO;Crimson Crisp;-8;02-set
MELO;Crimson Snow;30;10-ott
MELO;Cripp's Pink;30;10-ott
MELO;Cripps Red Brisset;50;30-ott
MELO;Da Rosa;0;10-set
MELO;Delbard Gala;-25;16-ago
MELO;Delicia;-30;11-ago
MELO;Devil Gala;-35;06-ago
MELO;Diwa;5;15-set
MELO;Dragon Fuji F12;30;10-ott
MELO;Early Crunch;-35;06-ago
MELO;Early queen;-20;21-ago
MELO;Early Red Gala;-35;06-ago
MELO;Early Red One;-7;03-set
MELO;Elstar Elshof;-25;16-ago
MELO;Elstar PCP;-30;11-ago
MELO;Elstar Zweeren Elrosa;-25;16-ago
MELO;Envy;20;30-set
MELO;Escande 15;25;05-ott
MELO;Eve Braeburn;15;25-set
MELO;Evelina;10;20-set
MELO;Evereste;5;15-set
MELO;Excellent star;-20;21-ago
MELO;Fengapi;5;15-set
MELO;Florina;10;20-set
MELO;Forlady;20;30-set
MELO;Fresco;2;12-set
MELO;Fuciv51;27;07-ott
MELO;Fuji 1-1-1;-5;05-set
MELO;Fuji 6578;35;15-ott
MELO;Fuji Fukan;28;08-ott
MELO;Fuji Kiku;25;05-ott
MELO;Fuji Kiku 8;20;30-set
MELO;Fuji KO-CIV;25;05-ott
MELO;Fuji Phoenix;23;03-ott
MELO;Fuji raku raku;11;21-set
MELO;Fuji Type 4;30;10-ott
MELO;Fujijama;-14;27-ago
MELO;Fujiko;25;05-ott
MELO;Fujion;17;27-set
MELO;Gaia;-23;18-ago
MELO;Gala 2013;-40;01-ago
MELO;Gala Dark Ann;-27;14-ago
MELO;Gala Decarli;-30;11-ago
MELO;Gala Fenplus;-20;21-ago
MELO;Gala Fenshine;-20;21-ago
MELO;Gala Fensoon;-37;04-ago
MELO;Gala Fenstripe;-38;03-ago
MELO;Gala Fenzem1;-35;06-ago
MELO;Gala mema;-25;16-ago
MELO;Gala Must;-23;18-ago
MELO;Gala Norge;-25;16-ago
MELO;Gala One;-38;03-ago
MELO;Gala Perathoner;-30;11-ago
MELO;Gala Pomredrobust;-15;26-ago
MELO;Gala Schniga;-35;06-ago
MELO;Gala Schniga;-20;21-ago
MELO;Gala Schnitzer;-31;10-ago
MELO;Gala Star;-30;11-ago
MELO;Gala Venus;-30;11-ago
MELO;Gala Vill;-35;06-ago
MELO;Galant;0;10-set
MELO;Galant Tells;3;13-set
MELO;Galaval;-15;26-ago
MELO;Galaxy;-25;16-ago
MELO;Galaxy;-25;16-ago
MELO;Galmac;-45;27-lug
MELO;Gemini;-17;24-ago
MELO;Gerlinde;-25;16-ago
MELO;Ginover;15;25-set
MELO;Gold Chief;10;20-set
MELO;Golden 1895;-5;05-set
MELO;Golden 527;5;15-set
MELO;Golden cl. B LB;5;15-set
MELO;Golden Del. cl. Reinders;2;12-set
MELO;Golden Del. cl. Smoothee;5;15-set
MELO;Golden Delicious cl. B;0;10-set
MELO;Golden Orange;20;30-set
MELO;Golden Ruggine;5;15-set
MELO;Goldrosio;0;10-set
MELO;Goldrush;25;05-ott
MELO;Granny Smith;30;10-ott
MELO;Greenstar;20;30-set
MELO;Hapke delicious;-7;03-set
MELO;Harmonie;3;13-set
MELO;Hi-Early;-5;05-set
MELO;Hilwell;20;30-set
MELO;Idared;10;20-set
MELO;Imperatore (Morgenduft);25;05-ott
MELO;Imperatore Dallago;20;30-set
MELO;Inogo;10;20-set
MELO;Ipador;20;30-set
MELO;Isaaq;-18;23-ago
MELO;Jazz;25;05-ott
MELO;Jeromine;-8;02-set
MELO;Joburn;10;20-set
MELO;Jonagold;5;15-set
MELO;Jonagold King Select;9;19-set
MELO;Juliet;30;10-ott
MELO;Kanzi;0;10-set
MELO;Karneval;15;25-set
MELO;King;18;28-set
MELO;King Fuji;15;25-set
MELO;King Roat;5;15-set
MELO;Ladina;16;26-set
MELO;Lancelot;0;10-set
MELO;Limoncella;-5;05-set
MELO;Lochbuie red braeburn;5;15-set
MELO;Luiza;-25;16-ago
MELO;M1009;35;15-ott
MELO;Mairac;-3;07-set
MELO;Mandy;2;12-set
MELO;Mariella;45;25-ott
MELO;Mars;16;26-set
MELO;Mela Rosa Marchigiana;15;25-set
MELO;Mema Gala-16357;-25;16-ago
MELO;Merkur;-15;26-ago
MELO;Merlin;5;15-set
MELO;Milenga;-24;17-ago
MELO;Modì;-7;03-set
MELO;Mondial gala;-30;11-ago
MELO;Mountain Cove;-49;23-lug
MELO;Najdared;-20;21-ago
MELO;Natyra;10;20-set
MELO;Neipling Early Stayman;5;15-set
MELO;Nero Red Rome;30;10-ott
MELO;Nova;-11;30-ago
MELO;Opal;3;13-set
MELO;Pikkolo;0;10-set
MELO;Pilot;-15;26-ago
MELO;Pirol;5;15-set
MELO;Piros;-45;27-lug
MELO;Pirouette;-20;21-ago
MELO;Pixie crunch;-15;26-ago
MELO;Prime Red;-30;11-ago
MELO;Primiera;5;15-set
MELO;Pristine;-60;12-lug
MELO;Reanda;5;15-set
MELO;Rebella;10;20-set
MELO;Red Cap;-11;30-ago
MELO;Red Chief;-10;31-ago
MELO;Red Del. Mema;5;15-set
MELO;Red Del. Scarlet;-10;31-ago
MELO;Red Delicious;-10;31-ago
MELO;Red Elstar;-20;21-ago
MELO;Red Elswout;-8;02-set
MELO;Red Free;-55;17-lug
MELO;Red topaz;0;10-set
MELO;Red winter;14;24-set
MELO;Redlove;-30;11-ago
MELO;Regalyou;15;25-set
MELO;Reglindis;-10;31-ago
MELO;Reinette Grise du Canada;15;25-set
MELO;Relinda;30;10-ott
MELO;Remo;0;10-set
MELO;Renetta del canada;-15;26-ago
MELO;Renoir;-15;26-ago
MELO;Retina;-15;26-ago
MELO;Rewena;-15;26-ago
MELO;Rhapsodie;5;15-set
MELO;Roat;-5;05-set
MELO;Rondo;10;20-set
MELO;Rosette;-30;11-ago
MELO;Rosy Glow;35;15-ott
MELO;Roter Holsteiner;-1;09-set
MELO;Royal Beaut;-30;11-ago
MELO;Royal Braeburn;7;17-set
MELO;Rubelit;7;17-set
MELO;Rubens;-20;21-ago
MELO;Rubens;-17;24-ago
MELO;Rubinette Rosso;-27;14-ago
MELO;Rubinfuji;10;20-set
MELO;Rubinfuji;35;15-ott
MELO;Ruby Gala;-35;06-ago
MELO;Sampion;-22;19-ago
MELO;Sansa;-45;27-lug
MELO;Santana;-25;16-ago
MELO;Sapora;25;05-ott
MELO;Simirenko;35;15-ott
MELO;Sirius;15;25-set
MELO;Smeralda;5;15-set
MELO;Smothee;20;30-set
MELO;Solaris;30;10-ott
MELO;Sonate;-10;31-ago
MELO;Stark Gugger;-5;05-set
MELO;Staymanred;20;30-set
MELO;Story;10;20-set
MELO;Summerfree;-35;06-ago
MELO;Summerred;-45;27-lug
MELO;Super Chief;-7;03-set
MELO;Super Compact James Grieve;-15;26-ago
MELO;Superstayman;10;20-set
MELO;Sweet Stone;12;22-set
MELO;SweeTango;-44;28-lug
MELO;Swing;30;10-ott
MELO;Tentation;5;15-set
MELO;Topaz;-5;05-set
MELO;Tramin;-30;11-ago
MELO;Venice;10;20-set
MELO;Washington spur;0;10-set
MELO;Wilton's Star;5;15-set
MELO;Zad1;-15;26-ago
MELO;Zhen;20;30-set
NOCCIOLO;Apolda;30;19-set
NOCCIOLO;Barcelona;20;09-set
NOCCIOLO;Bergeri;35;24-set
NOCCIOLO;Butler;13;02-set
NOCCIOLO;Camponica;-3;17-ago
NOCCIOLO;Carabel;25;14-set
NOCCIOLO;Cosford;15;04-set
NOCCIOLO;Daria;3;23-ago
NOCCIOLO;Daviana;20;09-set
NOCCIOLO;Ennis;18;07-set
NOCCIOLO;Ghirara;12;01-set
NOCCIOLO;Grifoll;10;30-ago
NOCCIOLO;Morell;35;24-set
NOCCIOLO;Mortarella;-5;15-ago
NOCCIOLO;Negret;20;09-set
NOCCIOLO;Nocchione;5;25-ago
NOCCIOLO;Pauetet;10;30-ago
NOCCIOLO;Riccia di Talanico;12;01-set
NOCCIOLO;San Giovanni;-5;15-ago
NOCCIOLO;Santa Maria del Gesù;15;04-set
NOCCIOLO;Segorbe;5;25-ago
NOCCIOLO;Tonda Bianca;30;19-set
NOCCIOLO;Tonda di Giffoni;-5;15-ago
NOCCIOLO;Tonda Gentile delle Langhe;0;20-ago
NOCCIOLO;Tonda Gentile Romana;10;30-ago
NOCCIOLO;Tonda Rossa;35;24-set
NOCE;Amigo;20;05-ott
NOCE;Bleggiana (tr10);8;23-set
NOCE;Bleggiana (tr2);5;20-set
NOCE;Bleggiana (tr5);-15;31-ago
NOCE;Bleggiana (tr6);25;10-ott
NOCE;Bleggiana (tr7);-10;05-set
NOCE;Bleggiana (tr8);2;17-set
NOCE;Bleggiana (tr9);2;17-set
NOCE;Chandler;15;30-set
NOCE;Chico;-15;31-ago
NOCE;Corne;30;15-ott
NOCE;Eureka;1;16-set
NOCE;Feltrina (to1);15;30-set
NOCE;Franquette;25;10-ott
NOCE;Hartley;-2;13-set
NOCE;Howard;5;20-set
NOCE;Lara;25;10-ott
NOCE;Mayette;30;15-ott
NOCE;Parisienne;20;05-ott
NOCE;Payne;-15;31-ago
NOCE;Serr;-4;11-set
NOCE;Sorrento;0;15-set
PERO;Abate Fetel;26;31-ago
PERO;Abate Light;25;30-ago
PERO;Abbe Fetel;38;12-set
PERO;AC Harrow Bounty;35;09-set
PERO;Ac Harrow Crisp;10;15-ago
PERO;Ac Harrow Delicious;-5;31-lug
PERO;Ac Harrow Gold;-10;26-lug
PERO;Aida;15;20-ago
PERO;Angelys;45;19-set
PERO;Bella di giugno;-53;13-giu
PERO;Beurré Alexander Lucas;21;26-ago
PERO;Beurre Hardy;15;20-ago
PERO;Bohéme;-30;06-lug
PERO;Butirra Hardy;35;09-set
PERO;Carmen;-23;13-lug
PERO;Cascade;20;25-ago
PERO;Cheeky;14;19-ago
PERO;Cocomerina;25;30-ago
PERO;Concorde;21;26-ago
PERO;Conference;30;04-set
PERO;Conference Light;21;26-ago
PERO;Coscia;-20;16-lug
PERO;Crea 194;-13;23-lug
PERO;Debby Green;-5;31-lug
PERO;Decana del Comizio;35;09-set
PERO;Doynne Du Comice;40;14-set
PERO;Dr. Jules Guyot;-15;21-lug
PERO;Durondeau;10;15-ago
PERO;Early Giulia;-15;21-lug
PERO;Elliot;28;02-set
PERO;Ercole d'Este;15;20-ago
PERO;Etrusca;-25;11-lug
PERO;Falsa Recchia;-1;04-ago
PERO;Falstaff;30;04-set
PERO;Fertilia Delbard;25;30-ago
PERO;Fred;51;25-set
PERO;Garden gem;30;04-set
PERO;Garden pearl;50;24-set
PERO;Harovin Sundown;35;09-set
PERO;Harrow sweet;22;27-ago
PERO;Highland;20;25-ago
PERO;Homored;0;05-ago
PERO;HW 623;15;20-ago
PERO;Kaiser;35;09-set
PERO;Louise Bonne;25;30-ago
PERO;Lucy Red;15;20-ago
PERO;Lucy Sweet;-10;26-lug
PERO;Max Red Bartlett;14;19-ago
PERO;Migo;30;04-set
PERO;Norma;-20;16-lug
PERO;Obelisk;55;29-set
PERO;Packham's Triumph;0;05-ago
PERO;Passa Crassana;50;24-set
PERO;Precoce di Fiorano;-40;26-giu
PERO;Rocha;0;05-ago
PERO;Rosada;25;30-ago
PERO;Sabina;5;10-ago
PERO;Santa Maria;-12;24-lug
PERO;Spadona;-10;26-lug
PERO;Sweet Sensation;10;15-ago
PERO;Tosca;-16;20-lug
PERO;Triomphe De Vienne;5;10-ago
PERO;Turandot;-30;06-lug
PERO;Volpino;55;29-set
PERO;William;0;05-ago
PERO;Williams bon Chrétien;5;10-ago
PESCO;21 08PAV;49;20-ago
PESCO;23 08PAV;35;06-ago
PESCO;757 11PB;-17;15-giu
PESCO;Adelfar;-29;03-giu
PESCO;Adriatica;4;06-lug
PESCO;Agate;58;29-ago
PESCO;Alabama;8;10-lug
PESCO;Alexa;62;02-set
PESCO;Alexandra;-17;15-giu
PESCO;Aliblanca;39;10-ago
PESCO;Alice;-10;22-giu
PESCO;Alice-col;-3;29-giu
PESCO;Alipersié;4;06-lug
PESCO;Alirosada;8;10-lug
PESCO;Alitop;7;09-lug
PESCO;Alix;-10;22-giu
PESCO;Alma;28;30-lug
PESCO;Alma 2;37;08-ago
PESCO;Almanebo;-19;13-giu
PESCO;Amanda;-33;30-mag
PESCO;Amandina;-46;17-mag
PESCO;Amapola;-10;22-giu
PESCO;Amazonite;73;13-set
PESCO;Ambersister;25;27-lug
PESCO;Ambra;-12;20-giu
PESCO;Amiga;8;10-lug
PESCO;Andross;32;03-ago
PESCO;Antonina;-32;31-mag
PESCO;Apulia Red;-29;03-giu
PESCO;Apulia Withe;-9;23-giu
PESCO;Ara;-17;15-giu
PESCO;Armking;-24;08-giu
PESCO;Aspen White;-14;18-giu
PESCO;August Red;55;26-ago
PESCO;August Sweet;0;02-lug
PESCO;August Sweet;49;20-ago
PESCO;Autunno;78;18-set
PESCO;Azurite;-3;29-giu
PESCO;Babygold 5;-17;15-giu
PESCO;Babygold 6;13;15-lug
PESCO;Babygold 9;49;20-ago
PESCO;Bali;-47;16-mag
PESCO;Bea;6;08-lug
PESCO;Bel Red;45;16-ago
PESCO;Belem;-55;08-mag
PESCO;Belletardie;55;26-ago
PESCO;Benedicte;19;21-lug
PESCO;Bienvenue;-22;10-giu
PESCO;Big Ball;-12;20-giu
PESCO;Big Bang;-17;15-giu
PESCO;Big Bel;49;20-ago
PESCO;Big Fire;-8;24-giu
PESCO;Big Glory;-12;20-giu
PESCO;Big Haven;-2;30-giu
PESCO;Big Red;-7;25-giu
PESCO;Big Sunshine;2;04-lug
PESCO;Big Top;0;02-lug
PESCO;Big White;-2;30-giu
PESCO;Blanvio 10;-57;06-mag
PESCO;Blanvio 30;12;14-lug
PESCO;Bolero;-32;31-mag
PESCO;Bordò;-21;11-giu
PESCO;Boreal;-38;25-mag
PESCO;Bowen;28;30-lug
PESCO;Bright Lady;63;03-set
PESCO;Bright Princess;8;10-lug
PESCO;Brittney Lane;-16;16-giu
PESCO;Caldesi 2000;-8;24-giu
PESCO;Caldesi 2010;22;24-lug
PESCO;Caldesi 2020;61;01-set
PESCO;California;65;05-set
PESCO;Calred;53;24-ago
PESCO;Caprice;-6;26-giu
PESCO;Caramba;-9;23-giu
PESCO;Carene;-9;23-giu
PESCO;Carla;-22;10-giu
PESCO;Carson;19;21-lug
PESCO;Cinca;-27;05-giu
PESCO;Concettina;4;06-lug
PESCO;Conquete;25;27-lug
PESCO;Conquise;13;15-lug
PESCO;Contessa;-32;31-mag
PESCO;Convoitise;3;05-lug
PESCO;Coraline;-12;20-giu
PESCO;Corindon;57;28-ago
PESCO;Corindon;58;29-ago
PESCO;Crimson Baby;-24;08-giu
PESCO;Crimson Lady;-19;13-giu
PESCO;Cristal;3;05-lug
PESCO;Cristalrose;8;10-lug
PESCO;Cristina;-7;25-giu
PESCO;Crizia;-16;16-giu
PESCO;Crown Princess;-19;13-giu
PESCO;Cynthia;-39;24-mag
PESCO;Dalmosweet One;8;10-lug
PESCO;Dalmosweet Three;55;26-ago
PESCO;Dalmosweet Two;28;30-lug
PESCO;Dark Fair;64;04-set
PESCO;Diamond;3;05-lug
PESCO;Diamond Bright;-10;22-giu
PESCO;Diamond Princess;14;16-lug
PESCO;Diamond Ray;15;17-lug
PESCO;Divadona;-67;26-apr
PESCO;Dolomite;55;26-ago
PESCO;Dolores;25;27-lug
PESCO;Dorabelle;27;29-lug
PESCO;Dorane;48;19-ago
PESCO;Douceur;51;22-ago
PESCO;Duchessa d'Este;40;11-ago
PESCO;Duero;54;25-ago
PESCO;Dulcior;53;24-ago
PESCO;Dulcis;53;24-ago
PESCO;Dulciva;53;24-ago
PESCO;Earliqueen;-7;25-giu
PESCO;Earlirich;5;07-lug
PESCO;Early Bomba;-20;12-giu
PESCO;Early Fresh;-32;31-mag
PESCO;Early Giant;-4;28-giu
PESCO;Early May;-28;04-giu
PESCO;Early May;-45;18-mag
PESCO;Early Maycrest;-27;05-giu
PESCO;Early Silver;-19;13-giu
PESCO;Early Zee;31;02-ago
PESCO;Ebro;31;02-ago
PESCO;Egea;-21;11-giu
PESCO;Elegant Lady;15;17-lug
PESCO;Elios;-40;23-mag
PESCO;Elios 1;-30;02-giu
PESCO;Elios 2;-9;23-giu
PESCO;Elios 3;-5;27-giu
PESCO;Elise;10;12-lug
PESCO;Emeraude;6;08-lug
PESCO;Endogust;57;28-ago
PESCO;Esmeralda;45;16-ago
PESCO;Extreme 28;-3;29-giu
PESCO;Extreme 314;-12;20-giu
PESCO;Extreme 33;-14;18-giu
PESCO;Extreme 436;33;04-ago
PESCO;Extreme 460;43;14-ago
PESCO;Extreme 464;32;03-ago
PESCO;Extreme 486;73;13-set
PESCO;Extreme 514;-4;28-giu
PESCO;Extreme 6;-32;31-mag
PESCO;Extreme 79;11;13-lug
PESCO;Extreme Beauty;-27;05-giu
PESCO;Extreme Delight;20;22-lug
PESCO;Extreme Globe;35;06-ago
PESCO;Extreme Great;41;12-ago
PESCO;Extreme July;5;07-lug
PESCO;Extreme June;-2;30-giu
PESCO;Extreme May;-12;20-giu
PESCO;Extreme Moon;48;19-ago
PESCO;Extreme Red;7;09-lug
PESCO;Extreme Shine;28;30-lug
PESCO;Extreme Sunny;32;03-ago
PESCO;Fairlane;60;31-ago
PESCO;Fairtime;74;14-set
PESCO;Fantasia;18;20-lug
PESCO;Fayette;30;01-ago
PESCO;Febe;48;19-ago
PESCO;Federica;-9;23-giu
PESCO;Felicia;-12;20-giu
PESCO;Fercluse;8;10-lug
PESCO;Fergaron;23;25-lug
PESCO;Fergold;-2;30-giu
PESCO;Ferlate;42;13-ago
PESCO;Ferlot;26;28-lug
PESCO;Ferpeo;38;09-ago
PESCO;Festina;38;09-ago
PESCO;Fiamma 1;39;10-ago
PESCO;Fidji;-43;20-mag
PESCO;Filoe;38;09-ago
PESCO;Fire Top;10;12-lug
PESCO;Firebrite;2;04-lug
PESCO;Flameglo;12;14-lug
PESCO;Flamina;-37;26-mag
PESCO;Flaminia;66;06-set
PESCO;Flanoba;-67;26-apr
PESCO;Flariba;-60;03-mag
PESCO;Flavana;-51;12-mag
PESCO;Flavela;-47;16-mag
PESCO;Flavorcrest;-4;28-giu
PESCO;Flavorgold;6;08-lug
PESCO;Flavortop;15;17-lug
PESCO;Foton Red;-55;08-mag
PESCO;Francesca;60;31-ago
PESCO;Francoise;-35;28-mag
PESCO;Francy;13;15-lug
PESCO;Frassiplat;33;04-ago
PESCO;Frederica;9;11-lug
PESCO;Fresh Queen;-17;15-giu
PESCO;Fresh White;-20;12-giu
PESCO;Fruteria;23;25-lug
PESCO;Galene;13;15-lug
PESCO;Garcica;-6;26-giu
PESCO;Garcima;-42;21-mag
PESCO;Gardeta;-22;10-giu
PESCO;Gargica;-21;11-giu
PESCO;Garminata;-60;03-mag
PESCO;Garofa;-35;28-mag
PESCO;Gartairo;-28;04-giu
PESCO;Gartella;-57;06-mag
PESCO;Gea;13;15-lug
PESCO;Ghiaccio 1;13;15-lug
PESCO;Ghiaccio 2;32;03-ago
PESCO;Ghiaccio 3;45;16-ago
PESCO;Gianna Laura Dolce;62;02-set
PESCO;Giant Pearl;53;24-ago
PESCO;Gilda Rossa;45;16-ago
PESCO;Gioia;2;04-lug
PESCO;Gladys;52;23-ago
PESCO;Glenna;28;30-lug
PESCO;Glohaven;10;12-lug
PESCO;Gran Sun;-26;06-giu
PESCO;Grenat;14;16-lug
PESCO;Greta;10;12-lug
PESCO;Guadalupe;3;05-lug
PESCO;Guerriera;19;21-lug
PESCO;Guglielmina;53;24-ago
PESCO;Gypse;-27;05-giu
PESCO;Hermione;-22;10-giu
PESCO;Honey Blaze;-5;27-giu
PESCO;Honey Bowl;18;20-lug
PESCO;Honey fire;-2;30-giu
PESCO;Honey Flame;46;17-ago
PESCO;Honey Glo;34;05-ago
PESCO;Honey Glory;0;02-lug
PESCO;Honey Kist;5;07-lug
PESCO;Honey Late;73;13-set
PESCO;Honey Muscat;50;21-ago
PESCO;Honey Prima;-12;20-giu
PESCO;Honey Queen;33;04-ago
PESCO;Honey Royale;24;26-lug
PESCO;Honey Sugar;39;10-ago
PESCO;Honey Sun;-2;30-giu
PESCO;Honey Top;1;03-lug
PESCO;Ibla;40;11-ago
PESCO;Indipendence;9;11-lug
PESCO;Irena;-5;27-giu
PESCO;Iris Rosso;-9;23-giu
PESCO;Ivoire;8;10-lug
PESCO;Ivory Queen;-2;30-giu
PESCO;Ivory Star;13;15-lug
PESCO;Ivory Sun;58;29-ago
PESCO;Jade;-13;19-giu
PESCO;Jalon;9;11-lug
PESCO;Jerte;16;18-lug
PESCO;Jesca;73;13-set
PESCO;Jonia;-25;07-giu
PESCO;June Glory;-6;26-giu
PESCO;Jungerman;37;08-ago
PESCO;Kalos 1;-27;05-giu
PESCO;Kalos 2;-12;20-giu
PESCO;Kalos 3;-5;27-giu
PESCO;Kalos 4;7;09-lug
PESCO;Kaoliane;-22;10-giu
PESCO;Kaweah;48;19-ago
PESCO;Kevina;40;11-ago
PESCO;Kinolea;35;06-ago
PESCO;Lady Erika;45;16-ago
PESCO;Lady Love;76;16-set
PESCO;Lady Velvet;28;30-lug
PESCO;Lami;39;10-ago
PESCO;Lami;9;11-lug
PESCO;Lami;14;16-lug
PESCO;Lami;19;21-lug
PESCO;Lara;-8;24-giu
PESCO;Lara Bigi;-5;27-giu
PESCO;Lara Star;8;10-lug
PESCO;Late fair;67;07-set
PESCO;Laura;-15;17-giu
PESCO;Leyre;31;02-ago
PESCO;Loadel;5;07-lug
PESCO;Lolita;-29;03-giu
PESCO;Loretta;58;29-ago
PESCO;Lorinda;-14;18-giu
PESCO;Loriplat;-22;10-giu
PESCO;Luciana;-9;23-giu
PESCO;Lucius;57;28-ago
PESCO;Lyos;42;13-ago
PESCO;Maeba Top;6;08-lug
PESCO;Magique;10;12-lug
PESCO;Majestic Pearl;33;04-ago
PESCO;Manon;-27;05-giu
PESCO;Mareva;0;02-lug
PESCO;Maria Angela;33;04-ago
PESCO;Maria Anna;18;20-lug
PESCO;Maria Aurelia;23;25-lug
PESCO;Maria Bianca;6;08-lug
PESCO;Maria Camilla;10;12-lug
PESCO;Maria Carla;11;13-lug
PESCO;Maria Delizia;19;21-lug
PESCO;Maria Dolce;34;05-ago
PESCO;Maria Dorata;-9;23-giu
PESCO;Maria Dorata;-8;24-giu
PESCO;Maria Elisa;4;06-lug
PESCO;Maria Laura;4;06-lug
PESCO;Maria Linda;-12;20-giu
PESCO;Maria Lucia;-20;12-giu
PESCO;Maria Marta;11;13-lug
PESCO;Maria Rosa;19;21-lug
PESCO;Maria Teresa;25;27-lug
PESCO;Maribelle;16;18-lug
PESCO;Mariplat;-16;16-giu
PESCO;Marisol;26;28-lug
PESCO;Mary Star;35;06-ago
PESCO;Marylin;31;02-ago
PESCO;Maura;5;07-lug
PESCO;Max;34;05-ago
PESCO;Max 10;68;08-set
PESCO;Max 7;60;31-ago
PESCO;May Pearl;-22;10-giu
PESCO;Maycrest;-30;02-giu
PESCO;Maylis;-4;28-giu
PESCO;Melina;13;15-lug
PESCO;Merriam;49;20-ago
PESCO;Mesembrine;4;06-lug
PESCO;Michelini;54;25-ago
PESCO;Mid Red;39;10-ago
PESCO;Miranda;49;20-ago
PESCO;Monabelle;-6;26-giu
PESCO;Monafter;76;16-set
PESCO;Monange;3;05-lug
PESCO;Monatun;-32;31-mag
PESCO;Moncante;23;25-lug
PESCO;Monclaire;0;02-lug
PESCO;Monmeil;13;15-lug
PESCO;Monrené*;22;24-lug
PESCO;Monroi;20;22-lug
PESCO;Monsat;68;08-set
PESCO;Monsolle*;-13;19-giu
PESCO;Montar;68;08-set
PESCO;Montica;18;20-lug
PESCO;Morsiani 60;37;08-ago
PESCO;Morsiani 90;57;28-ago
PESCO;Myrian;-17;15-giu
PESCO;Nabby;-5;27-giu
PESCO;Najipop;-19;13-giu
PESCO;Najireine;4;06-lug
PESCO;Najiris;-14;18-giu
PESCO;Najizel;4;06-lug
PESCO;Nathana;8;10-lug
PESCO;Necta zee;8;10-lug
PESCO;Nectapom 22;-25;07-giu
PESCO;Nectapom 29;22;24-lug
PESCO;Nectaregal 33;51;22-ago
PESCO;Nectaross;26;28-lug
PESCO;Nectavigne;3;05-lug
PESCO;Nectavigne;23;25-lug
PESCO;Nectavigne;28;30-lug
PESCO;Nectavigne;48;19-ago
PESCO;Nectavigne;53;24-ago
PESCO;Nectavigne;58;29-ago
PESCO;Nectavigne;13;15-lug
PESCO;Nerisa;18;20-lug
PESCO;Neve;-16;16-giu
PESCO;New Top;-9;23-giu
PESCO;Nirvana;28;30-lug
PESCO;Noracila;-32;31-mag
PESCO;O'Henry;45;16-ago
PESCO;Onyx;-12;20-giu
PESCO;Opale;38;09-ago
PESCO;Ophelia;11;13-lug
PESCO;Oriane;33;04-ago
PESCO;Orine;33;04-ago
PESCO;Orion;35;06-ago
PESCO;Orphea;-60;03-mag
PESCO;Osiris;-10;22-giu
PESCO;Padana;39;10-ago
PESCO;Pamela;-7;25-giu
PESCO;Pasionata;10;12-lug
PESCO;Patagonia;-65;28-apr
PESCO;Patty;-7;25-giu
PESCO;Pearl Sister D93 1-19;-12;20-giu
PESCO;Pink Ring;-1;01-lug
PESCO;Pit Lane;7;09-lug
PESCO;Pit Stop;25;27-lug
PESCO;Pixzee;8;10-lug
PESCO;Plagold 10;-35;28-mag
PESCO;Plagold 15;-25;07-giu
PESCO;Plagold 17;-12;20-giu
PESCO;Plagold 20;-5;27-giu
PESCO;Plagold 21;-21;11-giu
PESCO;Plagold 25;-3;29-giu
PESCO;Plagold 5;-40;23-mag
PESCO;Planasol 50;12;14-lug
PESCO;Plane Delicious;20;22-lug
PESCO;Plane Gem;-2;30-giu
PESCO;Plane Gold;38;09-ago
PESCO;Plane Silver;17;19-lug
PESCO;Plane Star;22;24-lug
PESCO;Plane Sun;30;01-ago
PESCO;Plane Top;58;29-ago
PESCO;Planet 2;-18;14-giu
PESCO;Platerina 110;-2;30-giu
PESCO;Platerina 126;-2;30-giu
PESCO;Platerina 264;47;18-ago
PESCO;Platibelle;13;15-lug
PESCO;Platifirst;-27;05-giu
PESCO;Platiforone;-25;07-giu
PESCO;Platifun;23;25-lug
PESCO;Platimoon;18;20-lug
PESCO;Platina 40;13;15-lug
PESCO;Platinet 1;-22;10-giu
PESCO;Platinet 3;-11;21-giu
PESCO;Platinet 4;26;28-lug
PESCO;Plawhite 5;-46;17-mag
PESCO;Plusplus;54;25-ago
PESCO;Poblet;35;06-ago
PESCO;Polaris;26;28-lug
PESCO;Pontina;12;14-lug
PESCO;Prime Pearl;-27;05-giu
PESCO;Primerose;-40;23-mag
PESCO;Princess Time;-22;10-giu
PESCO;Pulchra;-38;25-mag
PESCO;Queen Bright;28;30-lug
PESCO;Queen Diamond;30;01-ago
PESCO;Queen gem;11;13-lug
PESCO;Queen Globe;49;20-ago
PESCO;Queen Glory;43;14-ago
PESCO;Queen Pearl;8;10-lug
PESCO;Queen red;-19;13-giu
PESCO;Queen ruby;21;23-lug
PESCO;Queencrest;-33;30-mag
PESCO;Rebus 028;-16;16-giu
PESCO;Rebus 038;6;08-lug
PESCO;Rebus 195;24;26-lug
PESCO;Red Coast;21;23-lug
PESCO;Red Devil;51;22-ago
PESCO;Red Elegant;28;30-lug
PESCO;Red Fair;61;01-set
PESCO;Red Fall;57;28-ago
PESCO;Red Haven;0;02-lug
PESCO;Red Jewel;9;11-lug
PESCO;Red Late;56;27-ago
PESCO;Red Late;65;05-set
PESCO;Red Moon;6;08-lug
PESCO;Red Star;51;22-ago
PESCO;Red Top;7;09-lug
PESCO;Redwing;-12;20-giu
PESCO;Regal pearl;48;19-ago
PESCO;Regalcake 26;3;05-lug
PESCO;Regalcake 33;43;14-ago
PESCO;Regalcake 34;48;19-ago
PESCO;Regalcake 35;56;27-ago
PESCO;Regalsun 31;38;09-ago
PESCO;Regalsun 33;48;19-ago
PESCO;Regalsun 34;57;28-ago
PESCO;Regina Bianca;40;11-ago
PESCO;Regina di Londa;57;28-ago
PESCO;Regina d'Ottobre;63;03-set
PESCO;Rich Lady;11;13-lug
PESCO;Rich May;-30;02-giu
PESCO;Rita Star;-16;16-giu
PESCO;Romagna 3000;54;25-ago
PESCO;Romagna Big;12;14-lug
PESCO;Romagna Bright;26;28-lug
PESCO;Romagna Giant;38;09-ago
PESCO;Romagna Gold;19;21-lug
PESCO;Romagna Lady;50;21-ago
PESCO;Romagna Late;55;26-ago
PESCO;Romagna Queen;29;31-lug
PESCO;Romagna Red;-4;28-giu
PESCO;Romagna Star;7;09-lug
PESCO;Romagna Summer;20;22-lug
PESCO;Romagna Sweet;37;08-ago
PESCO;Romagna Top;19;21-lug
PESCO;Romagnan Mia;76;16-set
PESCO;Rome Star;26;28-lug
PESCO;Romea;14;16-lug
PESCO;Rosa del West;13;15-lug
PESCO;Rosalia;30;01-ago
PESCO;Rosalise;18;20-lug
PESCO;Rose Diamond;-19;13-giu
PESCO;Rossa di S.Carlo;20;22-lug
PESCO;Royal Bel;-6;26-giu
PESCO;Royal Delicious;19;21-lug
PESCO;Royal Dixie;-17;15-giu
PESCO;Royal Estate;36;07-ago
PESCO;Royal Ferrara;21;23-lug
PESCO;Royal Gem;-7;25-giu
PESCO;Royal Glory;-2;30-giu
PESCO;Royal Jim;36;07-ago
PESCO;Royal Lee;16;18-lug
PESCO;Royal Maid;23;25-lug
PESCO;Royal Majestic;2;04-lug
PESCO;Royal Moon;14;16-lug
PESCO;Royal Pride;20;22-lug
PESCO;Royal Prince;46;17-ago
PESCO;Royal Queen;0;02-lug
PESCO;Royal Red;20;22-lug
PESCO;Royal Summer;9;11-lug
PESCO;Royal Sweet;44;15-ago
PESCO;Royal Time;4;06-lug
PESCO;Royal Top;25;27-lug
PESCO;Ruby bel;26;28-lug
PESCO;Ruby gem;30;01-ago
PESCO;Ruby gem;33;04-ago
PESCO;Ruby Grand;18;20-lug
PESCO;Ruby Rich;-3;29-giu
PESCO;Sagittaria;-34;29-mag
PESCO;Samantha;-15;17-giu
PESCO;Sandine;28;30-lug
PESCO;Sauzee;25;27-lug
PESCO;Sauzee 660;30;01-ago
PESCO;Sauzee 660;33;04-ago
PESCO;Sauzee 665;8;10-lug
PESCO;Sauzee 667;-15;17-giu
PESCO;Sauzee 682;43;14-ago
PESCO;Sauzee 698;-12;20-giu
PESCO;Sauzee 699;63;03-set
PESCO;Segre;-38;25-mag
PESCO;September bright;68;08-set
PESCO;Serena;-45;18-mag
PESCO;Shasta;13;15-lug
PESCO;Silos;-25;07-giu
PESCO;Silver bright;69;09-set
PESCO;Silver Giant;35;06-ago
PESCO;Silver king;-25;07-giu
PESCO;Silver late;63;03-set
PESCO;Silver Moon;40;11-ago
PESCO;Silver of Rome;-11;21-giu
PESCO;Silver Ray;24;26-lug
PESCO;Silver Splendid;-9;23-giu
PESCO;Silver star;33;04-ago
PESCO;Silvery;-18;14-giu
PESCO;Sirio;47;18-ago
PESCO;Smooty;-45;18-mag
PESCO;Snow Brite;-7;25-giu
PESCO;Snow Lady;43;14-ago
PESCO;Snow Queen;-2;30-giu
PESCO;Snow red;-19;13-giu
PESCO;Sole 1;-43;20-mag
PESCO;Sole 2;-40;23-mag
PESCO;Sole 3;-34;29-mag
PESCO;Sole 4;-27;05-giu
PESCO;Sole 5;-22;10-giu
PESCO;Sparkling Red;41;12-ago
PESCO;Spring Bright;3;05-lug
PESCO;Spring Crest;-17;15-giu
PESCO;Spring Lady;-24;08-giu
PESCO;Spring Red;-1;01-lug
PESCO;Spring snow;-22;10-giu
PESCO;Spring White;-21;11-giu
PESCO;Springbelle;-16;16-giu
PESCO;Springtime;-34;29-mag
PESCO;Star Bright;6;08-lug
PESCO;Star Pearl;28;30-lug
PESCO;Star Princess;63;03-set
PESCO;Stark Redgold;25;27-lug
PESCO;Stop and Go;10;12-lug
PESCO;Sugar Time;-22;10-giu
PESCO;Summer Grand;14;16-lug
PESCO;Summer Lady;34;05-ago
PESCO;Summer Rich;15;17-lug
PESCO;Summersun;-6;26-giu
PESCO;Sun Late;62;02-set
PESCO;Suncrest;20;22-lug
PESCO;Supercrimson;-10;22-giu
PESCO;Superred;-23;09-giu
PESCO;Surprise;-7;25-giu
PESCO;Sweet Cap;18;20-lug
PESCO;Sweet Dream;38;09-ago
PESCO;Sweet Fire;18;20-lug
PESCO;Sweet Henry;51;22-ago
PESCO;Sweet Ivan;53;24-ago
PESCO;Sweet Juana;63;03-set
PESCO;Sweet Lady;41;12-ago
PESCO;Sweet Red;36;07-ago
PESCO;Sweet Ring;-26;06-giu
PESCO;Symphonie;21;23-lug
PESCO;Tarderina;42;13-ago
PESCO;Tardibelle;73;13-set
PESCO;Tardired;68;08-set
PESCO;Tardiva Zuliani;37;08-ago
PESCO;Tastired;-35;28-mag
PESCO;Tebana;2;04-lug
PESCO;Tendresse;27;29-lug
PESCO;Tietar;72;12-set
PESCO;Tirrenia;-2;30-giu
PESCO;Tourmaline;43;14-ago
PESCO;Turia;-15;17-giu
PESCO;Turquoise;-21;11-giu
PESCO;Ufo 1;-43;20-mag
PESCO;Ufo 2;-39;24-mag
PESCO;Ufo 3;-27;05-giu
PESCO;Ufo 4;-24;08-giu
PESCO;Ufo 5;-9;23-giu
PESCO;Ufo 6;-2;30-giu
PESCO;Ufo 7;39;10-ago
PESCO;Ufo 8;62;02-set
PESCO;Ufo 9;74;14-set
PESCO;Urania;31;02-ago
PESCO;Valley Sweet;23;25-lug
PESCO;Vanilia;8;10-lug
PESCO;Velvet Sister C16;25;27-lug
PESCO;Velvet sister d 93/3/5;15;17-lug
PESCO;Velvetsister D93 1-10;-26;06-giu
PESCO;Venus;34;05-ago
PESCO;Veruela;43;14-ago
PESCO;Vico;-27;05-giu
PESCO;Villa ada;6;08-lug
PESCO;Villa Adriana;2;04-lug
PESCO;Villa Doria;9;11-lug
PESCO;Villa Giulia;9;11-lug
PESCO;Viowhite 10;-25;07-giu
PESCO;Viowhite 15;-15;17-giu
PESCO;Viowhite 20;-32;31-mag
PESCO;Viowhite 5;-45;18-mag
PESCO;Vistarich;12;14-lug
PESCO;Vivian;17;19-lug
PESCO;Voluptia;48;19-ago
PESCO;Western Red;53;24-ago
PESCO;White Crest;-36;27-mag
PESCO;White Lady;12;14-lug
PESCO;White Maeba;35;06-ago
PESCO;White Top;4;06-lug
PESCO;Yuso;-15;17-giu
PESCO;Yuste;-3;29-giu
PESCO;Zaigle;35;06-ago
PESCO;Zee Diamond;-20;12-giu
PESCO;Zee Glo;27;29-lug
PESCO;Zee Lady;34;05-ago
PESCO;Zephyr;34;05-ago
PESCO;Zincal 10;-65;28-apr
PESCO;Zincal 15;-24;08-giu
PESCO;Zincal 17;-45;18-mag
PESCO;Zincal 20;-36;27-mag
PESCO;Zincal 3;-67;26-apr
PESCO;Zincal 30;15;17-lug
PESCO;Zincal 4;-42;21-mag
PESCO;Zincal 7;-34;29-mag
PESCO;Zincal 8;57;28-ago
PESCO;Zincal 9;-47;16-mag
PESCO;Zodiac;-50;13-mag
PESCO;Zumba;-42;21-mag
SUSINO;African Delight;76;19-set
SUSINO;African Pride;51;25-ago
SUSINO;Angeleno;66;09-set
SUSINO;Anne Gold;5;10-lug
SUSINO;Aphrodite;5;10-lug
SUSINO;August Delight;-10;10-ago
SUSINO;Autumn Giant;75;18-set
SUSINO;Avalon;-30;21-lug
SUSINO;Black Amber;5;10-lug
SUSINO;Black Beaut;-30;05-giu
SUSINO;Black Diamond;-30;05-giu
SUSINO;Black Diamond;-9;26-giu
SUSINO;Black Glow;10;15-lug
SUSINO;Black Star;5;10-lug
SUSINO;Black Sun;25;30-lug
SUSINO;Black Sunrise;15;20-lug
SUSINO;Blackamber;10;15-lug
SUSINO;Blue Frost;-10;10-ago
SUSINO;Blue Moon;-15;05-ago
SUSINO;Bluefree;-5;15-ago
SUSINO;Bragialla;62;05-set
SUSINO;Brarossa;-17;18-giu
SUSINO;California blue;-45;06-lug
SUSINO;Carmen Blu;-10;25-giu
SUSINO;Catalina;-30;21-lug
SUSINO;Colora;5;25-ago
SUSINO;Crimson Glo;12;17-lug
SUSINO;Dalmored One;40;14-ago
SUSINO;Dark Sunlight;9;14-lug
SUSINO;Dark Sunshine;15;20-lug
SUSINO;D'ente 707;-6;14-ago
SUSINO;Dofi Sandra;-5;30-giu
SUSINO;Earlina;-17;18-giu
SUSINO;Elena;25;14-set
SUSINO;Empereur;15;04-set
SUSINO;Empress;5;25-ago
SUSINO;Firenze 90;-26;25-lug
SUSINO;Fortune;30;04-ago
SUSINO;French Prune;-7;13-ago
SUSINO;Friar;21;26-lug
SUSINO;Gaia;-5;30-giu
SUSINO;Golden Globe;20;25-lug
SUSINO;Golden Japan;-5;30-giu
SUSINO;Golden Plum;20;25-lug
SUSINO;Goldust;-10;10-ago
SUSINO;Green Sun;34;08-ago
SUSINO;Grenadine;35;09-ago
SUSINO;Haganta;25;14-set
SUSINO;Haganta;65;24-ott
SUSINO;Hanita;45;04-ott
SUSINO;Hanka;-20;31-lug
SUSINO;Haroma;15;04-set
SUSINO;Hiromi Red;7;12-lug
SUSINO;Honey Dawn;-20;15-giu
SUSINO;Honey Moon;-10;25-giu
SUSINO;Joanna Red;35;09-ago
SUSINO;Jofela;20;09-set
SUSINO;Joganta;27;16-set
SUSINO;Jubileum;-25;26-lug
SUSINO;Juna;-35;16-lug
SUSINO;Katinka;-25;26-lug
SUSINO;Laroda;25;30-lug
SUSINO;Larry Ann;45;19-ago
SUSINO;Late Blue;75;18-set
SUSINO;Liablue;-24;27-lug
SUSINO;Maria novella;-40;11-lug
SUSINO;Mirabelle de Nancy;-10;10-ago
SUSINO;Moon globe;15;20-lug
SUSINO;Morettini 355;-9;26-giu
SUSINO;Obilnaja;-4;01-lug
SUSINO;October Sun;65;08-set
SUSINO;Opal;-24;27-lug
SUSINO;Owen T;10;15-lug
SUSINO;Oxy Solar*;-15;20-giu
SUSINO;Ozark Premier;10;15-lug
SUSINO;Pink Jewell 11;60;03-set
SUSINO;Pink Saturn 5;20;25-lug
SUSINO;Polaris;23;28-lug
SUSINO;Precoce di Ersinger;-12;08-ago
SUSINO;Presenta;35;24-set
SUSINO;President;19;08-set
SUSINO;Prune D'Ente 303;5;25-ago
SUSINO;Prune D'Ente 707;0;20-ago
SUSINO;Quetsche D'Alsace;30;19-set
SUSINO;Regina claudia verde;-5;15-ago
SUSINO;Reine Claude de Bavay;-5;15-ago
SUSINO;Reine Claude Dorée;-15;05-ago
SUSINO;Reine Claude D'Oulins;-40;11-lug
SUSINO;Reine Victoria;1;21-ago
SUSINO;Rheingold;7;27-ago
SUSINO;Royal Diamond;55;29-ago
SUSINO;Rubinel;40;14-ago
SUSINO;Ruby Crunch;45;19-ago
SUSINO;Ruby Star;42;16-ago
SUSINO;Ruth Gerstetter;-30;21-lug
SUSINO;Sangue di Drago;20;25-lug
SUSINO;Santa Rosa;5;10-lug
SUSINO;September yummy;75;18-set
SUSINO;Serena;5;10-lug
SUSINO;Shiro;0;05-lug
SUSINO;Songold;50;24-ago
SUSINO;Songold;55;29-ago
SUSINO;Songreen 50;15;20-lug
SUSINO;Songria 10;-15;20-giu
SUSINO;Songria 15;-6;29-giu
SUSINO;Sorriso di Primavera;-14;21-giu
SUSINO;Spring Satin;-8;27-giu
SUSINO;Stanley;0;20-ago
SUSINO;Sugar;30;04-ago
SUSINO;Sugar;-25;26-lug
SUSINO;Sugar top;-15;05-ago
SUSINO;Sun Kiss;5;10-lug
SUSINO;Tasty Sweet;-9;26-giu
SUSINO;TC Sun;40;14-ago
SUSINO;Tegera;-25;26-lug
SUSINO;Tipala;-25;26-lug
SUSINO;Topend plus;35;24-set
SUSINO;Topfive;-15;05-ago
SUSINO;Tophit;70;29-ott
SUSINO;Topper;25;14-set
SUSINO;Tracy Sun;55;29-ago
SUSINO;Valerie;-35;16-lug
SUSINO;Valor;10;30-ago
SUSINO;Vanette;-45;06-lug
SUSINO;Vars;-38;13-lug
SUSINO;Victory;20;09-set
;70;;